test_name,phase,idx,hw_re,hw_im
simple_n4,input,0,64'h3fe0000000000000,64'hbfc3333333333333
simple_n4,input,1,64'h3ff4000000000000,64'hbfd8000000000000
simple_n4,input,2,64'h4000000000000000,64'hbfe3333333333333
simple_n4,input,3,64'h4006000000000000,64'hbfea666666666666
simple_n4,fft,0,64'h401a000000000000,64'hbfff333333333333
simple_n4,fft,1,64'hbff0cccccccccccd,64'h3fff333333333333
simple_n4,fft,2,64'hbff8000000000000,64'h3fdccccccccccccc
simple_n4,fft,3,64'hbfff333333333333,64'hbff0cccccccccccd
simple_n4,ifft,0,64'h3fe0000000000000,64'hbfc3333333333334
simple_n4,ifft,1,64'h3ff4000000000000,64'hbfd7ffffffffffff
simple_n4,ifft,2,64'h4000000000000000,64'hbfe3333333333333
simple_n4,ifft,3,64'h4006000000000000,64'hbfea666666666666
random_n4,input,0,64'hbff5ff1bbf790bf2,64'h3fe9946479b7bcae
random_n4,input,1,64'h3ff0c0671d77c0f7,64'hbfd0be85fbff2d93
random_n4,input,2,64'hbfe2109f3786dcfd,64'hbfd424d8cb528b90
random_n4,input,3,64'hbf55369a6759600e,64'h3feb07482cd81ac6
random_n4,fft,0,64'hbfec98a3c8bd1fa2,64'h3ff114fea1737d71
random_n4,fft,1,64'hbffeaa11b921763b,64'h3fb0db3ab9ee9ebb
random_n4,fft,2,64'hc007e142690d3288,64'hbfb93068d65068b0
random_n4,fft,3,64'h3fd2f1e5c6d8ed50,64'h40014c8e99e10c45
random_n4,ifft,0,64'hbff5ff1bbf790bf2,64'h3fe9946479b7bcae
random_n4,ifft,1,64'h3ff0c0671d77c0f8,64'hbfd0be85fbff2d95
random_n4,ifft,2,64'hbfe2109f3786dcfc,64'hbfd424d8cb528b90
random_n4,ifft,3,64'hbf55369a67595e00,64'h3feb07482cd81ac6
zeros_n4,input,0,64'h0000000000000000,64'h0000000000000000
zeros_n4,input,1,64'h0000000000000000,64'h0000000000000000
zeros_n4,input,2,64'h0000000000000000,64'h0000000000000000
zeros_n4,input,3,64'h0000000000000000,64'h0000000000000000
zeros_n4,fft,0,64'h0000000000000000,64'h0000000000000000
zeros_n4,fft,1,64'h0000000000000000,64'h0000000000000000
zeros_n4,fft,2,64'h0000000000000000,64'h0000000000000000
zeros_n4,fft,3,64'h0000000000000000,64'h0000000000000000
zeros_n4,ifft,0,64'h0000000000000000,64'h0000000000000000
zeros_n4,ifft,1,64'h0000000000000000,64'h0000000000000000
zeros_n4,ifft,2,64'h0000000000000000,64'h0000000000000000
zeros_n4,ifft,3,64'h0000000000000000,64'h0000000000000000
impulse_n4,input,0,64'h3ff0000000000000,64'h0000000000000000
impulse_n4,input,1,64'h0000000000000000,64'h0000000000000000
impulse_n4,input,2,64'h0000000000000000,64'h0000000000000000
impulse_n4,input,3,64'h0000000000000000,64'h0000000000000000
impulse_n4,fft,0,64'h3ff0000000000000,64'h0000000000000000
impulse_n4,fft,1,64'h3ff0000000000000,64'h0000000000000000
impulse_n4,fft,2,64'h3ff0000000000000,64'h0000000000000000
impulse_n4,fft,3,64'h3ff0000000000000,64'h0000000000000000
impulse_n4,ifft,0,64'h3ff0000000000000,64'h0000000000000000
impulse_n4,ifft,1,64'h0000000000000000,64'h0000000000000000
impulse_n4,ifft,2,64'h0000000000000000,64'h0000000000000000
impulse_n4,ifft,3,64'h0000000000000000,64'h0000000000000000
allones_n4,input,0,64'h3ff0000000000000,64'h0000000000000000
allones_n4,input,1,64'h3ff0000000000000,64'h0000000000000000
allones_n4,input,2,64'h3ff0000000000000,64'h0000000000000000
allones_n4,input,3,64'h3ff0000000000000,64'h0000000000000000
allones_n4,fft,0,64'h4010000000000000,64'h0000000000000000
allones_n4,fft,1,64'h0000000000000000,64'h0000000000000000
allones_n4,fft,2,64'h0000000000000000,64'h0000000000000000
allones_n4,fft,3,64'h0000000000000000,64'h0000000000000000
allones_n4,ifft,0,64'h3ff0000000000000,64'h0000000000000000
allones_n4,ifft,1,64'h3ff0000000000000,64'h0000000000000000
allones_n4,ifft,2,64'h3ff0000000000000,64'h0000000000000000
allones_n4,ifft,3,64'h3ff0000000000000,64'h0000000000000000
simple_n8,input,0,64'h3fe0000000000000,64'hbfc3333333333333
simple_n8,input,1,64'h3ff4000000000000,64'hbfd8000000000000
simple_n8,input,2,64'h4000000000000000,64'hbfe3333333333333
simple_n8,input,3,64'h4006000000000000,64'hbfea666666666666
simple_n8,input,4,64'h400c000000000000,64'hbff0cccccccccccd
simple_n8,input,5,64'h4011000000000000,64'hbff4666666666666
simple_n8,input,6,64'h4014000000000000,64'hbff8000000000000
simple_n8,input,7,64'h4017000000000000,64'hbffb999999999999
simple_n8,fft,0,64'h4039000000000000,64'hc01dffffffffffff
simple_n8,fft,1,64'hbfea787c7ab49460,64'h40204908333c833a
simple_n8,fft,2,64'hc000cccccccccccd,64'h400f333333333334
simple_n8,fft,3,64'hc005048585138b7e,64'h40012420ccf20ce6
simple_n8,fft,4,64'hc008000000000000,64'h3fecccccccccccc8
simple_n8,fft,5,64'hc00afb7a7aec7482,64'hbfd5edd3345d3408
simple_n8,fft,6,64'hc00f333333333333,64'hc000cccccccccccc
simple_n8,fft,7,64'hc014b0f070a96d74,64'hc0195edd3345d340
simple_n8,ifft,0,64'h3fe0000000000000,64'hbfc333333333332c
simple_n8,ifft,1,64'h3ff3ffffffffffff,64'hbfd8000000000002
simple_n8,ifft,2,64'h4000000000000000,64'hbfe3333333333333
simple_n8,ifft,3,64'h4006000000000000,64'hbfea666666666666
simple_n8,ifft,4,64'h400c000000000000,64'hbff0cccccccccccc
simple_n8,ifft,5,64'h4011000000000000,64'hbff4666666666665
simple_n8,ifft,6,64'h4014000000000000,64'hbff8000000000000
simple_n8,ifft,7,64'h4017000000000000,64'hbffb99999999999a
random_n8,input,0,64'hbff69ecf0e180a08,64'h3ff736edba032c89
random_n8,input,1,64'h3ff7f980343e1a19,64'hbff334168daf7213
random_n8,input,2,64'hbff5c9b31077f7cb,64'h3fe8b64ec20e19a8
random_n8,input,3,64'h3ff06216085a3433,64'hbfcd783ceabd4771
random_n8,input,4,64'hbfe11e0896d553d6,64'hbfd621827f4c4351
random_n8,input,5,64'hbfa0f51fdc458d85,64'h3febdd2db3ef852f
random_n8,input,6,64'h3fe31499cd6cb9e5,64'hbff446065f4b1471
random_n8,input,7,64'hbff12438151886e4,64'h3ff79ee830cc5ae2
random_n8,fft,0,64'hbff4bd845aa6b3d0,64'h3ff86e0efba91690
random_n8,fft,1,64'hbffe8c3716fa40b2,64'h3fedd6c19763955c
random_n8,fft,2,64'hc00611e6bb76bd45,64'h3fb6572d659e2f39
random_n8,fft,3,64'hc014c33cc5ec36a5,64'hc003bec8a6b63c57
random_n8,fft,4,64'hc010873baaf87a72,64'hbfd39acb0f43b982
random_n8,fft,5,64'h4010ebbf4490f0c0,64'h401a4ecef595d662
random_n8,fft,6,64'h3fd91bcc5dad2158,64'h4008e6b2ad4731d8
random_n8,fft,7,64'hbfe4a9fbdc9c505d,64'h40012a17095e24f5
random_n8,ifft,0,64'hbff69ecf0e180a08,64'h3ff736edba032c89
random_n8,ifft,1,64'h3ff7f980343e1a19,64'hbff334168daf7212
random_n8,ifft,2,64'hbff5c9b31077f7cc,64'h3fe8b64ec20e19a8
random_n8,ifft,3,64'h3ff06216085a3432,64'hbfcd783ceabd4772
random_n8,ifft,4,64'hbfe11e0896d553d6,64'hbfd621827f4c4350
random_n8,ifft,5,64'hbfa0f51fdc458d80,64'h3febdd2db3ef852c
random_n8,ifft,6,64'h3fe31499cd6cb9e6,64'hbff446065f4b1470
random_n8,ifft,7,64'hbff12438151886e3,64'h3ff79ee830cc5ae2
zeros_n8,input,0,64'h0000000000000000,64'h0000000000000000
zeros_n8,input,1,64'h0000000000000000,64'h0000000000000000
zeros_n8,input,2,64'h0000000000000000,64'h0000000000000000
zeros_n8,input,3,64'h0000000000000000,64'h0000000000000000
zeros_n8,input,4,64'h0000000000000000,64'h0000000000000000
zeros_n8,input,5,64'h0000000000000000,64'h0000000000000000
zeros_n8,input,6,64'h0000000000000000,64'h0000000000000000
zeros_n8,input,7,64'h0000000000000000,64'h0000000000000000
zeros_n8,fft,0,64'h0000000000000000,64'h0000000000000000
zeros_n8,fft,1,64'h0000000000000000,64'h0000000000000000
zeros_n8,fft,2,64'h0000000000000000,64'h0000000000000000
zeros_n8,fft,3,64'h0000000000000000,64'h0000000000000000
zeros_n8,fft,4,64'h0000000000000000,64'h0000000000000000
zeros_n8,fft,5,64'h0000000000000000,64'h0000000000000000
zeros_n8,fft,6,64'h0000000000000000,64'h0000000000000000
zeros_n8,fft,7,64'h0000000000000000,64'h0000000000000000
zeros_n8,ifft,0,64'h0000000000000000,64'h0000000000000000
zeros_n8,ifft,1,64'h0000000000000000,64'h0000000000000000
zeros_n8,ifft,2,64'h0000000000000000,64'h0000000000000000
zeros_n8,ifft,3,64'h0000000000000000,64'h0000000000000000
zeros_n8,ifft,4,64'h0000000000000000,64'h0000000000000000
zeros_n8,ifft,5,64'h0000000000000000,64'h0000000000000000
zeros_n8,ifft,6,64'h0000000000000000,64'h0000000000000000
zeros_n8,ifft,7,64'h0000000000000000,64'h0000000000000000
impulse_n8,input,0,64'h3ff0000000000000,64'h0000000000000000
impulse_n8,input,1,64'h0000000000000000,64'h0000000000000000
impulse_n8,input,2,64'h0000000000000000,64'h0000000000000000
impulse_n8,input,3,64'h0000000000000000,64'h0000000000000000
impulse_n8,input,4,64'h0000000000000000,64'h0000000000000000
impulse_n8,input,5,64'h0000000000000000,64'h0000000000000000
impulse_n8,input,6,64'h0000000000000000,64'h0000000000000000
impulse_n8,input,7,64'h0000000000000000,64'h0000000000000000
impulse_n8,fft,0,64'h3ff0000000000000,64'h0000000000000000
impulse_n8,fft,1,64'h3ff0000000000000,64'h0000000000000000
impulse_n8,fft,2,64'h3ff0000000000000,64'h0000000000000000
impulse_n8,fft,3,64'h3ff0000000000000,64'h0000000000000000
impulse_n8,fft,4,64'h3ff0000000000000,64'h0000000000000000
impulse_n8,fft,5,64'h3ff0000000000000,64'h0000000000000000
impulse_n8,fft,6,64'h3ff0000000000000,64'h0000000000000000
impulse_n8,fft,7,64'h3ff0000000000000,64'h0000000000000000
impulse_n8,ifft,0,64'h3ff0000000000000,64'h0000000000000000
impulse_n8,ifft,1,64'h0000000000000000,64'h0000000000000000
impulse_n8,ifft,2,64'h0000000000000000,64'h0000000000000000
impulse_n8,ifft,3,64'h0000000000000000,64'h0000000000000000
impulse_n8,ifft,4,64'h0000000000000000,64'h0000000000000000
impulse_n8,ifft,5,64'h0000000000000000,64'h0000000000000000
impulse_n8,ifft,6,64'h0000000000000000,64'h0000000000000000
impulse_n8,ifft,7,64'h0000000000000000,64'h0000000000000000
allones_n8,input,0,64'h3ff0000000000000,64'h0000000000000000
allones_n8,input,1,64'h3ff0000000000000,64'h0000000000000000
allones_n8,input,2,64'h3ff0000000000000,64'h0000000000000000
allones_n8,input,3,64'h3ff0000000000000,64'h0000000000000000
allones_n8,input,4,64'h3ff0000000000000,64'h0000000000000000
allones_n8,input,5,64'h3ff0000000000000,64'h0000000000000000
allones_n8,input,6,64'h3ff0000000000000,64'h0000000000000000
allones_n8,input,7,64'h3ff0000000000000,64'h0000000000000000
allones_n8,fft,0,64'h4020000000000000,64'h0000000000000000
allones_n8,fft,1,64'h0000000000000000,64'h0000000000000000
allones_n8,fft,2,64'h0000000000000000,64'h0000000000000000
allones_n8,fft,3,64'h0000000000000000,64'h0000000000000000
allones_n8,fft,4,64'h0000000000000000,64'h0000000000000000
allones_n8,fft,5,64'h0000000000000000,64'h0000000000000000
allones_n8,fft,6,64'h0000000000000000,64'h0000000000000000
allones_n8,fft,7,64'h0000000000000000,64'h0000000000000000
allones_n8,ifft,0,64'h3ff0000000000000,64'h0000000000000000
allones_n8,ifft,1,64'h3ff0000000000000,64'h0000000000000000
allones_n8,ifft,2,64'h3ff0000000000000,64'h0000000000000000
allones_n8,ifft,3,64'h3ff0000000000000,64'h0000000000000000
allones_n8,ifft,4,64'h3ff0000000000000,64'h0000000000000000
allones_n8,ifft,5,64'h3ff0000000000000,64'h0000000000000000
allones_n8,ifft,6,64'h3ff0000000000000,64'h0000000000000000
allones_n8,ifft,7,64'h3ff0000000000000,64'h0000000000000000
simple_n16,input,0,64'h3fe0000000000000,64'hbfc3333333333333
simple_n16,input,1,64'h3ff4000000000000,64'hbfd8000000000000
simple_n16,input,2,64'h4000000000000000,64'hbfe3333333333333
simple_n16,input,3,64'h4006000000000000,64'hbfea666666666666
simple_n16,input,4,64'h400c000000000000,64'hbff0cccccccccccd
simple_n16,input,5,64'h4011000000000000,64'hbff4666666666666
simple_n16,input,6,64'h4014000000000000,64'hbff8000000000000
simple_n16,input,7,64'h4017000000000000,64'hbffb999999999999
simple_n16,input,8,64'h401a000000000000,64'hbfff333333333333
simple_n16,input,9,64'h401d000000000000,64'hc001666666666666
simple_n16,input,10,64'h4020000000000000,64'hc003333333333333
simple_n16,input,11,64'h4021800000000000,64'hc005000000000000
simple_n16,input,12,64'h4023000000000000,64'hc006cccccccccccd
simple_n16,input,13,64'h4024800000000000,64'hc008999999999999
simple_n16,input,14,64'h4026000000000000,64'hc00a666666666666
simple_n16,input,15,64'h4027800000000000,64'hc00c333333333333
simple_n16,fft,0,64'h4058800000000000,64'hc03d666666666666
simple_n16,fft,1,64'h400864c8c821cdfc,64'h403ff6cb203037f7
simple_n16,fft,2,64'hbffa787c7ab49460,64'h40304908333c833a
simple_n16,fft,3,64'hc00a72e99aae9745,64'h40258f2c435d70e2
simple_n16,fft,4,64'hc010cccccccccccd,64'h401f333333333333
simple_n16,fft,5,64'hc0133069c33034a8,64'h40173c7d533d2e5e
simple_n16,fft,6,64'hc015048585138b7e,64'h40112420ccf20ce8
simple_n16,fft,7,64'hc016915d5e94ced4,64'h4007f2a29a8658e8
simple_n16,fft,8,64'hc018000000000000,64'h3ffcccccccccccc0
simple_n16,fft,9,64'hc0196ea2a16b312e,64'h3fe368a8c919cfa0
simple_n16,fft,10,64'hc01afb7a7aec7482,64'hbfe5edd3345d33f8
simple_n16,fft,11,64'hc01ccf963ccfcb5a,64'hc001ac2dd9ad8ff4
simple_n16,fft,12,64'hc01f333333333333,64'hc010cccccccccccd
simple_n16,fft,13,64'hc021634599545a2e,64'hc01cb7f220547b60
simple_n16,fft,14,64'hc024b0f070a96d74,64'hc0295edd3345d33f
simple_n16,fft,15,64'hc02e19323208737e,64'hc03c5d3186969e5e
simple_n16,ifft,0,64'h3fe0000000000000,64'hbfc3333333333330
simple_n16,ifft,1,64'h3ff3fffffffffffe,64'hbfd8000000000000
simple_n16,ifft,2,64'h4000000000000000,64'hbfe333333333333a
simple_n16,ifft,3,64'h4005ffffffffffff,64'hbfea666666666660
simple_n16,ifft,4,64'h400bffffffffffff,64'hbff0cccccccccccd
simple_n16,ifft,5,64'h4011000000000000,64'hbff4666666666662
simple_n16,ifft,6,64'h4014000000000000,64'hbff8000000000002
simple_n16,ifft,7,64'h4017000000000001,64'hbffb99999999999a
simple_n16,ifft,8,64'h401a000000000000,64'hbfff333333333332
simple_n16,ifft,9,64'h401d000000000000,64'hc001666666666666
simple_n16,ifft,10,64'h4020000000000000,64'hc003333333333333
simple_n16,ifft,11,64'h4021800000000000,64'hc005000000000000
simple_n16,ifft,12,64'h4023000000000000,64'hc006cccccccccccd
simple_n16,ifft,13,64'h4024800000000000,64'hc00899999999999a
simple_n16,ifft,14,64'h4026000000000000,64'hc00a666666666668
simple_n16,ifft,15,64'h4027800000000000,64'hc00c333333333334
random_n16,input,0,64'hbfa452654ae652a8,64'h3fec08f43cca7144
random_n16,input,1,64'h3fe345f64db2ca20,64'hbff4546241821e7e
random_n16,input,2,64'hbff1370539605b13,64'h3ff7a39dc59cfe46
random_n16,input,3,64'h3ff640276ce1a129,64'hbff7750a56ea8bf2
random_n16,input,4,64'hbff7fffae73cb9d2,64'h3ff3cf8904f84f6a
random_n16,input,5,64'h3ff6345b1b56dc5b,64'hbfea79f44ffe2b4f
random_n16,input,6,64'hbff1212aae336444,64'h3fd2d780ca8cdd81
random_n16,input,7,64'h3fe30c995da3c468,64'h3fd20d525a84bf05
random_n16,input,8,64'hbfa069a7881ac5e8,64'hbfea23cb6381eec0
random_n16,input,9,64'hbfe1262d9a8c0953,64'h3ff3b24894b76c41
random_n16,input,10,64'h3ff065454fa96f8a,64'hbff769eff2a3be35
random_n16,input,11,64'hbff5cb86b31966df,64'h3ff7ac4d3db601d5
random_n16,input,12,64'h3ff7f9b320a58e51,64'hbff46f932f62f863
random_n16,input,13,64'hbff69d59bed3e2f6,64'h3fec5c50caf76ba4
random_n16,input,14,64'h3ff1e9edd39f9002,64'hbfd7524d5c37e6ff
random_n16,input,15,64'hbfe5225acebaf538,64'hbfcb0ba6909772e2
random_n16,fft,0,64'hbfb247f3a26f8630,64'h3fb15bc2cd3bb300
random_n16,fft,1,64'hbfb576a95bbed440,64'h3fab48835a9caf00
random_n16,fft,2,64'hbfb8ef4e94d10bc6,64'h3fa385f79745c600
random_n16,fft,3,64'hbfbd1d9d8bdb206c,64'h3f954b3baeff1c60
random_n16,fft,4,64'hbfc169cc1c61eea8,64'hbf565884ba754812
random_n16,fft,5,64'hbfc62208fc71bf3a,64'hbfa1bc6639b43e9a
random_n16,fft,6,64'hbfd0d96a12f24a38,64'hbfbaa4dfc06fe4ce
random_n16,fft,7,64'hc023e6f71a0fbea4,64'hc01623bc7866d085
random_n16,fft,8,64'hbfb45caa8ccefbe0,64'hbfc1d5925a1c79d8
random_n16,fft,9,64'h4024a22011163054,64'h40329fffdcdb6eb8
random_n16,fft,10,64'h3fc0042cc09ad8b3,64'h3fd6f84e3ea75350
random_n16,fft,11,64'h3fa03082fdb820f8,64'h3fcac61eec3b31f4
random_n16,fft,12,64'hbf791d4e3cab2000,64'h3fc3a5aa44269408
random_n16,fft,13,64'hbf9d7eee94ebf92e,64'h3fbf3d8a963b1a0c
random_n16,fft,14,64'hbfa7331541a59b42,64'h3fb9a850bdea434e
random_n16,fft,15,64'hbfae2f3f0f155490,64'h3fb53c836677ed98
random_n16,ifft,0,64'hbfa452654ae652b8,64'h3fec08f43cca7146
random_n16,ifft,1,64'h3fe345f64db2ca21,64'hbff4546241821e7e
random_n16,ifft,2,64'hbff1370539605b13,64'h3ff7a39dc59cfe47
random_n16,ifft,3,64'h3ff640276ce1a128,64'hbff7750a56ea8bf2
random_n16,ifft,4,64'hbff7fffae73cb9d4,64'h3ff3cf8904f84f6a
random_n16,ifft,5,64'h3ff6345b1b56dc5a,64'hbfea79f44ffe2b4f
random_n16,ifft,6,64'hbff1212aae336444,64'h3fd2d780ca8cdd81
random_n16,ifft,7,64'h3fe30c995da3c468,64'h3fd20d525a84bf06
random_n16,ifft,8,64'hbfa069a7881ac5d8,64'hbfea23cb6381eec2
random_n16,ifft,9,64'hbfe1262d9a8c0954,64'h3ff3b24894b76c41
random_n16,ifft,10,64'h3ff065454fa96f8a,64'hbff769eff2a3be36
random_n16,ifft,11,64'hbff5cb86b31966de,64'h3ff7ac4d3db601d5
random_n16,ifft,12,64'h3ff7f9b320a58e53,64'hbff46f932f62f862
random_n16,ifft,13,64'hbff69d59bed3e2f5,64'h3fec5c50caf76ba3
random_n16,ifft,14,64'h3ff1e9edd39f9002,64'hbfd7524d5c37e6fd
random_n16,ifft,15,64'hbfe5225acebaf538,64'hbfcb0ba6909772e5
zeros_n16,input,0,64'h0000000000000000,64'h0000000000000000
zeros_n16,input,1,64'h0000000000000000,64'h0000000000000000
zeros_n16,input,2,64'h0000000000000000,64'h0000000000000000
zeros_n16,input,3,64'h0000000000000000,64'h0000000000000000
zeros_n16,input,4,64'h0000000000000000,64'h0000000000000000
zeros_n16,input,5,64'h0000000000000000,64'h0000000000000000
zeros_n16,input,6,64'h0000000000000000,64'h0000000000000000
zeros_n16,input,7,64'h0000000000000000,64'h0000000000000000
zeros_n16,input,8,64'h0000000000000000,64'h0000000000000000
zeros_n16,input,9,64'h0000000000000000,64'h0000000000000000
zeros_n16,input,10,64'h0000000000000000,64'h0000000000000000
zeros_n16,input,11,64'h0000000000000000,64'h0000000000000000
zeros_n16,input,12,64'h0000000000000000,64'h0000000000000000
zeros_n16,input,13,64'h0000000000000000,64'h0000000000000000
zeros_n16,input,14,64'h0000000000000000,64'h0000000000000000
zeros_n16,input,15,64'h0000000000000000,64'h0000000000000000
zeros_n16,fft,0,64'h0000000000000000,64'h0000000000000000
zeros_n16,fft,1,64'h0000000000000000,64'h0000000000000000
zeros_n16,fft,2,64'h0000000000000000,64'h0000000000000000
zeros_n16,fft,3,64'h0000000000000000,64'h0000000000000000
zeros_n16,fft,4,64'h0000000000000000,64'h0000000000000000
zeros_n16,fft,5,64'h0000000000000000,64'h0000000000000000
zeros_n16,fft,6,64'h0000000000000000,64'h0000000000000000
zeros_n16,fft,7,64'h0000000000000000,64'h0000000000000000
zeros_n16,fft,8,64'h0000000000000000,64'h0000000000000000
zeros_n16,fft,9,64'h0000000000000000,64'h0000000000000000
zeros_n16,fft,10,64'h0000000000000000,64'h0000000000000000
zeros_n16,fft,11,64'h0000000000000000,64'h0000000000000000
zeros_n16,fft,12,64'h0000000000000000,64'h0000000000000000
zeros_n16,fft,13,64'h0000000000000000,64'h0000000000000000
zeros_n16,fft,14,64'h0000000000000000,64'h0000000000000000
zeros_n16,fft,15,64'h0000000000000000,64'h0000000000000000
zeros_n16,ifft,0,64'h0000000000000000,64'h0000000000000000
zeros_n16,ifft,1,64'h0000000000000000,64'h0000000000000000
zeros_n16,ifft,2,64'h0000000000000000,64'h0000000000000000
zeros_n16,ifft,3,64'h0000000000000000,64'h0000000000000000
zeros_n16,ifft,4,64'h0000000000000000,64'h0000000000000000
zeros_n16,ifft,5,64'h0000000000000000,64'h0000000000000000
zeros_n16,ifft,6,64'h0000000000000000,64'h0000000000000000
zeros_n16,ifft,7,64'h0000000000000000,64'h0000000000000000
zeros_n16,ifft,8,64'h0000000000000000,64'h0000000000000000
zeros_n16,ifft,9,64'h0000000000000000,64'h0000000000000000
zeros_n16,ifft,10,64'h0000000000000000,64'h0000000000000000
zeros_n16,ifft,11,64'h0000000000000000,64'h0000000000000000
zeros_n16,ifft,12,64'h0000000000000000,64'h0000000000000000
zeros_n16,ifft,13,64'h0000000000000000,64'h0000000000000000
zeros_n16,ifft,14,64'h0000000000000000,64'h0000000000000000
zeros_n16,ifft,15,64'h0000000000000000,64'h0000000000000000
impulse_n16,input,0,64'h3ff0000000000000,64'h0000000000000000
impulse_n16,input,1,64'h0000000000000000,64'h0000000000000000
impulse_n16,input,2,64'h0000000000000000,64'h0000000000000000
impulse_n16,input,3,64'h0000000000000000,64'h0000000000000000
impulse_n16,input,4,64'h0000000000000000,64'h0000000000000000
impulse_n16,input,5,64'h0000000000000000,64'h0000000000000000
impulse_n16,input,6,64'h0000000000000000,64'h0000000000000000
impulse_n16,input,7,64'h0000000000000000,64'h0000000000000000
impulse_n16,input,8,64'h0000000000000000,64'h0000000000000000
impulse_n16,input,9,64'h0000000000000000,64'h0000000000000000
impulse_n16,input,10,64'h0000000000000000,64'h0000000000000000
impulse_n16,input,11,64'h0000000000000000,64'h0000000000000000
impulse_n16,input,12,64'h0000000000000000,64'h0000000000000000
impulse_n16,input,13,64'h0000000000000000,64'h0000000000000000
impulse_n16,input,14,64'h0000000000000000,64'h0000000000000000
impulse_n16,input,15,64'h0000000000000000,64'h0000000000000000
impulse_n16,fft,0,64'h3ff0000000000000,64'h0000000000000000
impulse_n16,fft,1,64'h3ff0000000000000,64'h0000000000000000
impulse_n16,fft,2,64'h3ff0000000000000,64'h0000000000000000
impulse_n16,fft,3,64'h3ff0000000000000,64'h0000000000000000
impulse_n16,fft,4,64'h3ff0000000000000,64'h0000000000000000
impulse_n16,fft,5,64'h3ff0000000000000,64'h0000000000000000
impulse_n16,fft,6,64'h3ff0000000000000,64'h0000000000000000
impulse_n16,fft,7,64'h3ff0000000000000,64'h0000000000000000
impulse_n16,fft,8,64'h3ff0000000000000,64'h0000000000000000
impulse_n16,fft,9,64'h3ff0000000000000,64'h0000000000000000
impulse_n16,fft,10,64'h3ff0000000000000,64'h0000000000000000
impulse_n16,fft,11,64'h3ff0000000000000,64'h0000000000000000
impulse_n16,fft,12,64'h3ff0000000000000,64'h0000000000000000
impulse_n16,fft,13,64'h3ff0000000000000,64'h0000000000000000
impulse_n16,fft,14,64'h3ff0000000000000,64'h0000000000000000
impulse_n16,fft,15,64'h3ff0000000000000,64'h0000000000000000
impulse_n16,ifft,0,64'h3ff0000000000000,64'h0000000000000000
impulse_n16,ifft,1,64'h0000000000000000,64'h0000000000000000
impulse_n16,ifft,2,64'h0000000000000000,64'h0000000000000000
impulse_n16,ifft,3,64'h0000000000000000,64'h0000000000000000
impulse_n16,ifft,4,64'h0000000000000000,64'h0000000000000000
impulse_n16,ifft,5,64'h0000000000000000,64'h0000000000000000
impulse_n16,ifft,6,64'h0000000000000000,64'h0000000000000000
impulse_n16,ifft,7,64'h0000000000000000,64'h0000000000000000
impulse_n16,ifft,8,64'h0000000000000000,64'h0000000000000000
impulse_n16,ifft,9,64'h0000000000000000,64'h0000000000000000
impulse_n16,ifft,10,64'h0000000000000000,64'h0000000000000000
impulse_n16,ifft,11,64'h0000000000000000,64'h0000000000000000
impulse_n16,ifft,12,64'h0000000000000000,64'h0000000000000000
impulse_n16,ifft,13,64'h0000000000000000,64'h0000000000000000
impulse_n16,ifft,14,64'h0000000000000000,64'h0000000000000000
impulse_n16,ifft,15,64'h0000000000000000,64'h0000000000000000
allones_n16,input,0,64'h3ff0000000000000,64'h0000000000000000
allones_n16,input,1,64'h3ff0000000000000,64'h0000000000000000
allones_n16,input,2,64'h3ff0000000000000,64'h0000000000000000
allones_n16,input,3,64'h3ff0000000000000,64'h0000000000000000
allones_n16,input,4,64'h3ff0000000000000,64'h0000000000000000
allones_n16,input,5,64'h3ff0000000000000,64'h0000000000000000
allones_n16,input,6,64'h3ff0000000000000,64'h0000000000000000
allones_n16,input,7,64'h3ff0000000000000,64'h0000000000000000
allones_n16,input,8,64'h3ff0000000000000,64'h0000000000000000
allones_n16,input,9,64'h3ff0000000000000,64'h0000000000000000
allones_n16,input,10,64'h3ff0000000000000,64'h0000000000000000
allones_n16,input,11,64'h3ff0000000000000,64'h0000000000000000
allones_n16,input,12,64'h3ff0000000000000,64'h0000000000000000
allones_n16,input,13,64'h3ff0000000000000,64'h0000000000000000
allones_n16,input,14,64'h3ff0000000000000,64'h0000000000000000
allones_n16,input,15,64'h3ff0000000000000,64'h0000000000000000
allones_n16,fft,0,64'h4030000000000000,64'h0000000000000000
allones_n16,fft,1,64'h0000000000000000,64'h0000000000000000
allones_n16,fft,2,64'h0000000000000000,64'h0000000000000000
allones_n16,fft,3,64'h0000000000000000,64'h0000000000000000
allones_n16,fft,4,64'h0000000000000000,64'h0000000000000000
allones_n16,fft,5,64'h0000000000000000,64'h0000000000000000
allones_n16,fft,6,64'h0000000000000000,64'h0000000000000000
allones_n16,fft,7,64'h0000000000000000,64'h0000000000000000
allones_n16,fft,8,64'h0000000000000000,64'h0000000000000000
allones_n16,fft,9,64'h0000000000000000,64'h0000000000000000
allones_n16,fft,10,64'h0000000000000000,64'h0000000000000000
allones_n16,fft,11,64'h0000000000000000,64'h0000000000000000
allones_n16,fft,12,64'h0000000000000000,64'h0000000000000000
allones_n16,fft,13,64'h0000000000000000,64'h0000000000000000
allones_n16,fft,14,64'h0000000000000000,64'h0000000000000000
allones_n16,fft,15,64'h0000000000000000,64'h0000000000000000
allones_n16,ifft,0,64'h3ff0000000000000,64'h0000000000000000
allones_n16,ifft,1,64'h3ff0000000000000,64'h0000000000000000
allones_n16,ifft,2,64'h3ff0000000000000,64'h0000000000000000
allones_n16,ifft,3,64'h3ff0000000000000,64'h0000000000000000
allones_n16,ifft,4,64'h3ff0000000000000,64'h0000000000000000
allones_n16,ifft,5,64'h3ff0000000000000,64'h0000000000000000
allones_n16,ifft,6,64'h3ff0000000000000,64'h0000000000000000
allones_n16,ifft,7,64'h3ff0000000000000,64'h0000000000000000
allones_n16,ifft,8,64'h3ff0000000000000,64'h0000000000000000
allones_n16,ifft,9,64'h3ff0000000000000,64'h0000000000000000
allones_n16,ifft,10,64'h3ff0000000000000,64'h0000000000000000
allones_n16,ifft,11,64'h3ff0000000000000,64'h0000000000000000
allones_n16,ifft,12,64'h3ff0000000000000,64'h0000000000000000
allones_n16,ifft,13,64'h3ff0000000000000,64'h0000000000000000
allones_n16,ifft,14,64'h3ff0000000000000,64'h0000000000000000
allones_n16,ifft,15,64'h3ff0000000000000,64'h0000000000000000
back_to_back,input,0,64'h3ff4f572c7cb6634,64'hbff7e80771d33746
back_to_back,input,1,64'hbff7d23356312c5b,64'h3ff55794bc9b742f
back_to_back,input,2,64'h3ff72a43919c0148,64'hbfef405a09c209f4
back_to_back,input,3,64'hbff31671407e05b8,64'h3fde67d1c9af9e81
back_to_back,fft,0,64'h3fb3711c2b835680,64'hbfe52d568f59c0e2
back_to_back,fft,1,64'hbfb52326709875fc,64'h3fd8e6ead4b79175
back_to_back,fft,2,64'h4015c216bc05a664,64'hc0111e6f696ee604
back_to_back,fft,3,64'hbfc8bb7964bd7642,64'hbff6c96f8f1248f6
back_to_back,ifft,0,64'h3ff4f572c7cb6634,64'hbff7e80771d33746
back_to_back,ifft,1,64'hbff7d23356312c5c,64'h3ff55794bc9b7430
back_to_back,ifft,2,64'h3ff72a43919c0148,64'hbfef405a09c209f4
back_to_back,ifft,3,64'hbff31671407e05b8,64'h3fde67d1c9af9e81
chain_fwd_inv,input,0,64'hbff48881abf93a17,64'h3fe3fb4bdda971ed
chain_fwd_inv,input,1,64'h3feca94d7d96b074,64'hbfb05de7c6924d92
chain_fwd_inv,input,2,64'hbfd80bc85ae7abe8,64'hbfe0312cc03ee9d1
chain_fwd_inv,input,3,64'hbfc990779cc2c3fe,64'h3ff004ed908735de
chain_fwd_inv,input,4,64'h3fe7dc7981538ccb,64'hbff5939267d6d65c
chain_fwd_inv,input,5,64'hbff2e750282e46f0,64'h3ff7f265f2b682b0
chain_fwd_inv,input,6,64'h3ff715a276ef5519,64'hbff6c7c7c0ecc288
chain_fwd_inv,input,7,64'hbff7db1e3a9da302,64'h3ff23fd2bb3bbf8a
chain_fwd_inv,fft,0,64'hbff7276b22b2f3ca,64'h3fed75fa5003fcd4
chain_fwd_inv,fft,1,64'hbfef51a2e1cb0a57,64'h3fdb2f60a6bb1458
chain_fwd_inv,fft,2,64'hbff1cd7f334c384c,64'hbfd280d47792c2be
chain_fwd_inv,fft,3,64'hbff6a84e9824a869,64'hbff56a7083e21f5b
chain_fwd_inv,fft,4,64'h40040c21063f7053,64'hc018e9e49707aa06
chain_fwd_inv,fft,5,64'hc011699014b55391,64'h401d9031f50510f8
chain_fwd_inv,fft,6,64'hc000c635b1dec1aa,64'h40059a8c36fc7262
chain_fwd_inv,fft,7,64'hbff5e39956ac861b,64'h3ff6a2b1e0cd53ab
chain_fwd_inv,ifft,0,64'hbff48881abf93a16,64'h3fe3fb4bdda971eb
chain_fwd_inv,ifft,1,64'h3feca94d7d96b074,64'hbfb05de7c6924d70
chain_fwd_inv,ifft,2,64'hbfd80bc85ae7abe9,64'hbfe0312cc03ee9d3
chain_fwd_inv,ifft,3,64'hbfc990779cc2c3fc,64'h3ff004ed908735df
chain_fwd_inv,ifft,4,64'h3fe7dc7981538ccb,64'hbff5939267d6d65c
chain_fwd_inv,ifft,5,64'hbff2e750282e46f0,64'h3ff7f265f2b682af
chain_fwd_inv,ifft,6,64'h3ff715a276ef5519,64'hbff6c7c7c0ecc288
chain_fwd_inv,ifft,7,64'hbff7db1e3a9da302,64'h3ff23fd2bb3bbf8a
